,playername
0,PLAYER_001
1,PLAYER_002
2,PLAYER_003
3,PLAYER_004
4,PLAYER_005
5,PLAYER_006
6,PLAYER_007
7,PLAYER_008
8,PLAYER_009
9,PLAYER_010
10,PLAYER_011
11,PLAYER_012
12,PLAYER_013
13,PLAYER_014
14,PLAYER_015
15,PLAYER_016
16,PLAYER_017
17,PLAYER_018
18,PLAYER_019
19,PLAYER_020
20,PLAYER_021
21,PLAYER_022
22,PLAYER_023
23,PLAYER_024
24,PLAYER_025
25,PLAYER_026
26,PLAYER_027
27,PLAYER_028
28,PLAYER_029
29,PLAYER_030
30,PLAYER_031
31,PLAYER_032
32,PLAYER_033
33,PLAYER_034
34,PLAYER_035
35,PLAYER_036
36,PLAYER_037
37,PLAYER_038
38,PLAYER_039
39,PLAYER_040
40,PLAYER_041
41,PLAYER_042
42,PLAYER_043
43,PLAYER_044
44,PLAYER_045
45,PLAYER_046
46,PLAYER_047
47,PLAYER_048
48,PLAYER_049
49,PLAYER_050
50,PLAYER_051
51,PLAYER_052
52,PLAYER_053
53,PLAYER_054
54,PLAYER_055
55,PLAYER_056
56,PLAYER_057
57,PLAYER_058
58,PLAYER_059
59,PLAYER_060
60,PLAYER_061
61,PLAYER_062
62,PLAYER_063
63,PLAYER_064
64,PLAYER_065
65,PLAYER_066
66,PLAYER_067
67,PLAYER_068
68,PLAYER_069
69,PLAYER_070
70,PLAYER_071
71,PLAYER_072
72,PLAYER_073
73,PLAYER_074
74,PLAYER_075
75,PLAYER_076
76,PLAYER_077
77,PLAYER_078
78,PLAYER_079
79,PLAYER_080
80,PLAYER_081
81,PLAYER_082
82,PLAYER_083
83,PLAYER_084
84,PLAYER_085
85,PLAYER_086
86,PLAYER_087
87,PLAYER_088
88,PLAYER_089
89,PLAYER_090
90,PLAYER_091
91,PLAYER_092
92,PLAYER_093
93,PLAYER_094
94,PLAYER_095
95,PLAYER_096
96,PLAYER_097
97,PLAYER_098
98,PLAYER_099
99,PLAYER_100
100,PLAYER_1000
101,PLAYER_1001
102,PLAYER_1002
103,PLAYER_1003
104,PLAYER_1004
105,PLAYER_1005
106,PLAYER_1006
107,PLAYER_1007
108,PLAYER_1008
109,PLAYER_1009
110,PLAYER_101
111,PLAYER_1010
112,PLAYER_1011
113,PLAYER_1012
114,PLAYER_1013
115,PLAYER_1014
116,PLAYER_1015
117,PLAYER_1016
118,PLAYER_1017
119,PLAYER_1018
120,PLAYER_1019
121,PLAYER_102
122,PLAYER_1020
123,PLAYER_1021
124,PLAYER_1022
125,PLAYER_1023
126,PLAYER_1024
127,PLAYER_1025
128,PLAYER_1026
129,PLAYER_1027
130,PLAYER_1028
131,PLAYER_1029
132,PLAYER_103
133,PLAYER_1030
134,PLAYER_1031
135,PLAYER_1032
136,PLAYER_1033
137,PLAYER_1034
138,PLAYER_1035
139,PLAYER_1036
140,PLAYER_1037
141,PLAYER_1038
142,PLAYER_1039
143,PLAYER_104
144,PLAYER_1040
145,PLAYER_1041
146,PLAYER_1042
147,PLAYER_1043
148,PLAYER_1044
149,PLAYER_1045
150,PLAYER_1046
151,PLAYER_1047
152,PLAYER_1048
153,PLAYER_1049
154,PLAYER_105
155,PLAYER_1050
156,PLAYER_1051
157,PLAYER_1052
158,PLAYER_1053
159,PLAYER_1054
160,PLAYER_1055
161,PLAYER_1056
162,PLAYER_1057
163,PLAYER_1058
164,PLAYER_1059
165,PLAYER_106
166,PLAYER_1060
167,PLAYER_1061
168,PLAYER_1062
169,PLAYER_1063
170,PLAYER_1064
171,PLAYER_1065
172,PLAYER_1066
173,PLAYER_1067
174,PLAYER_1068
175,PLAYER_1069
176,PLAYER_107
177,PLAYER_1070
178,PLAYER_1071
179,PLAYER_1072
180,PLAYER_1073
181,PLAYER_1074
182,PLAYER_1075
183,PLAYER_1076
184,PLAYER_1077
185,PLAYER_1078
186,PLAYER_1079
187,PLAYER_108
188,PLAYER_1080
189,PLAYER_1081
190,PLAYER_1082
191,PLAYER_1083
192,PLAYER_1084
193,PLAYER_1085
194,PLAYER_1086
195,PLAYER_1087
196,PLAYER_1088
197,PLAYER_1089
198,PLAYER_109
199,PLAYER_1090
200,PLAYER_1091
201,PLAYER_1092
202,PLAYER_1093
203,PLAYER_1094
204,PLAYER_1095
205,PLAYER_1096
206,PLAYER_1097
207,PLAYER_1098
208,PLAYER_1099
209,PLAYER_110
210,PLAYER_1100
211,PLAYER_1101
212,PLAYER_1102
213,PLAYER_1103
214,PLAYER_1104
215,PLAYER_1105
216,PLAYER_1106
217,PLAYER_1107
218,PLAYER_1108
219,PLAYER_1109
220,PLAYER_111
221,PLAYER_1110
222,PLAYER_1111
223,PLAYER_1112
224,PLAYER_1113
225,PLAYER_1114
226,PLAYER_1115
227,PLAYER_1116
228,PLAYER_1117
229,PLAYER_1118
230,PLAYER_1119
231,PLAYER_112
232,PLAYER_1120
233,PLAYER_1121
234,PLAYER_1122
235,PLAYER_1123
236,PLAYER_1124
237,PLAYER_1125
238,PLAYER_1126
239,PLAYER_1127
240,PLAYER_1128
241,PLAYER_1129
242,PLAYER_113
243,PLAYER_1130
244,PLAYER_1131
245,PLAYER_1132
246,PLAYER_1133
247,PLAYER_1134
248,PLAYER_1135
249,PLAYER_1136
250,PLAYER_1137
251,PLAYER_1138
252,PLAYER_1139
253,PLAYER_114
254,PLAYER_1140
255,PLAYER_1141
256,PLAYER_1142
257,PLAYER_1143
258,PLAYER_1144
259,PLAYER_1145
260,PLAYER_1146
261,PLAYER_1147
262,PLAYER_1148
263,PLAYER_1149
264,PLAYER_115
265,PLAYER_1150
266,PLAYER_1151
267,PLAYER_1152
268,PLAYER_1153
269,PLAYER_1154
270,PLAYER_1155
271,PLAYER_1156
272,PLAYER_1157
273,PLAYER_1158
274,PLAYER_1159
275,PLAYER_116
276,PLAYER_1160
277,PLAYER_1161
278,PLAYER_1162
279,PLAYER_1163
280,PLAYER_1164
281,PLAYER_1165
282,PLAYER_1166
283,PLAYER_1167
284,PLAYER_1168
285,PLAYER_1169
286,PLAYER_117
287,PLAYER_1170
288,PLAYER_1171
289,PLAYER_1172
290,PLAYER_1173
291,PLAYER_1174
292,PLAYER_1175
293,PLAYER_1176
294,PLAYER_1177
295,PLAYER_1178
296,PLAYER_1179
297,PLAYER_118
298,PLAYER_1180
299,PLAYER_1181
300,PLAYER_1182
301,PLAYER_1183
302,PLAYER_1184
303,PLAYER_1185
304,PLAYER_1186
305,PLAYER_1187
306,PLAYER_1188
307,PLAYER_1189
308,PLAYER_119
309,PLAYER_1190
310,PLAYER_1191
311,PLAYER_1192
312,PLAYER_1193
313,PLAYER_1194
314,PLAYER_1195
315,PLAYER_1196
316,PLAYER_1197
317,PLAYER_1198
318,PLAYER_1199
319,PLAYER_120
320,PLAYER_1200
321,PLAYER_1201
322,PLAYER_1202
323,PLAYER_1203
324,PLAYER_1204
325,PLAYER_1205
326,PLAYER_1206
327,PLAYER_1207
328,PLAYER_1208
329,PLAYER_1209
330,PLAYER_121
331,PLAYER_1210
332,PLAYER_1211
333,PLAYER_1212
334,PLAYER_1213
335,PLAYER_1214
336,PLAYER_1215
337,PLAYER_1216
338,PLAYER_1217
339,PLAYER_1218
340,PLAYER_1219
341,PLAYER_122
342,PLAYER_1220
343,PLAYER_1221
344,PLAYER_1222
345,PLAYER_1223
346,PLAYER_1224
347,PLAYER_1225
348,PLAYER_1226
349,PLAYER_1227
350,PLAYER_1228
351,PLAYER_1229
352,PLAYER_123
353,PLAYER_1230
354,PLAYER_1231
355,PLAYER_1232
356,PLAYER_1233
357,PLAYER_1234
358,PLAYER_1235
359,PLAYER_1236
360,PLAYER_1237
361,PLAYER_1238
362,PLAYER_1239
363,PLAYER_124
364,PLAYER_1240
365,PLAYER_1241
366,PLAYER_1242
367,PLAYER_1243
368,PLAYER_1244
369,PLAYER_1245
370,PLAYER_1246
371,PLAYER_1247
372,PLAYER_1248
373,PLAYER_1249
374,PLAYER_125
375,PLAYER_1250
376,PLAYER_1251
377,PLAYER_1252
378,PLAYER_1253
379,PLAYER_1254
380,PLAYER_1255
381,PLAYER_1256
382,PLAYER_1257
383,PLAYER_1258
384,PLAYER_1259
385,PLAYER_126
386,PLAYER_1260
387,PLAYER_1261
388,PLAYER_1262
389,PLAYER_1263
390,PLAYER_1264
391,PLAYER_1265
392,PLAYER_1266
393,PLAYER_1267
394,PLAYER_1268
395,PLAYER_1269
396,PLAYER_127
397,PLAYER_1270
398,PLAYER_1271
399,PLAYER_1272
400,PLAYER_1273
401,PLAYER_1274
402,PLAYER_1275
403,PLAYER_1276
404,PLAYER_1277
405,PLAYER_1278
406,PLAYER_1279
407,PLAYER_128
408,PLAYER_1280
409,PLAYER_1281
410,PLAYER_1282
411,PLAYER_1283
412,PLAYER_1284
413,PLAYER_1285
414,PLAYER_1286
415,PLAYER_1287
416,PLAYER_129
417,PLAYER_130
418,PLAYER_131
419,PLAYER_132
420,PLAYER_133
421,PLAYER_134
422,PLAYER_135
423,PLAYER_136
424,PLAYER_137
425,PLAYER_138
426,PLAYER_139
427,PLAYER_140
428,PLAYER_141
429,PLAYER_142
430,PLAYER_143
431,PLAYER_144
432,PLAYER_145
433,PLAYER_146
434,PLAYER_147
435,PLAYER_148
436,PLAYER_149
437,PLAYER_150
438,PLAYER_151
439,PLAYER_152
440,PLAYER_153
441,PLAYER_154
442,PLAYER_155
443,PLAYER_156
444,PLAYER_157
445,PLAYER_158
446,PLAYER_159
447,PLAYER_160
448,PLAYER_161
449,PLAYER_162
450,PLAYER_163
451,PLAYER_164
452,PLAYER_165
453,PLAYER_166
454,PLAYER_167
455,PLAYER_168
456,PLAYER_169
457,PLAYER_170
458,PLAYER_171
459,PLAYER_172
460,PLAYER_173
461,PLAYER_174
462,PLAYER_175
463,PLAYER_176
464,PLAYER_177
465,PLAYER_178
466,PLAYER_179
467,PLAYER_180
468,PLAYER_181
469,PLAYER_182
470,PLAYER_183
471,PLAYER_184
472,PLAYER_185
473,PLAYER_186
474,PLAYER_187
475,PLAYER_188
476,PLAYER_189
477,PLAYER_190
478,PLAYER_191
479,PLAYER_192
480,PLAYER_193
481,PLAYER_194
482,PLAYER_195
483,PLAYER_196
484,PLAYER_197
485,PLAYER_198
486,PLAYER_199
487,PLAYER_200
488,PLAYER_201
489,PLAYER_202
490,PLAYER_203
491,PLAYER_204
492,PLAYER_205
493,PLAYER_206
494,PLAYER_207
495,PLAYER_208
496,PLAYER_209
497,PLAYER_210
498,PLAYER_211
499,PLAYER_212
500,PLAYER_213
501,PLAYER_214
502,PLAYER_215
503,PLAYER_216
504,PLAYER_217
505,PLAYER_218
506,PLAYER_219
507,PLAYER_220
508,PLAYER_221
509,PLAYER_222
510,PLAYER_223
511,PLAYER_224
512,PLAYER_225
513,PLAYER_226
514,PLAYER_227
515,PLAYER_228
516,PLAYER_229
517,PLAYER_230
518,PLAYER_231
519,PLAYER_232
520,PLAYER_233
521,PLAYER_234
522,PLAYER_235
523,PLAYER_236
524,PLAYER_237
525,PLAYER_238
526,PLAYER_239
527,PLAYER_240
528,PLAYER_241
529,PLAYER_242
530,PLAYER_243
531,PLAYER_244
532,PLAYER_245
533,PLAYER_246
534,PLAYER_247
535,PLAYER_248
536,PLAYER_249
537,PLAYER_250
538,PLAYER_251
539,PLAYER_252
540,PLAYER_253
541,PLAYER_254
542,PLAYER_255
543,PLAYER_256
544,PLAYER_257
545,PLAYER_258
546,PLAYER_259
547,PLAYER_260
548,PLAYER_261
549,PLAYER_262
550,PLAYER_263
551,PLAYER_264
552,PLAYER_265
553,PLAYER_266
554,PLAYER_267
555,PLAYER_268
556,PLAYER_269
557,PLAYER_270
558,PLAYER_271
559,PLAYER_272
560,PLAYER_273
561,PLAYER_274
562,PLAYER_275
563,PLAYER_276
564,PLAYER_277
565,PLAYER_278
566,PLAYER_279
567,PLAYER_280
568,PLAYER_281
569,PLAYER_282
570,PLAYER_283
571,PLAYER_284
572,PLAYER_285
573,PLAYER_286
574,PLAYER_287
575,PLAYER_288
576,PLAYER_289
577,PLAYER_290
578,PLAYER_291
579,PLAYER_292
580,PLAYER_293
581,PLAYER_294
582,PLAYER_295
583,PLAYER_296
584,PLAYER_297
585,PLAYER_298
586,PLAYER_299
587,PLAYER_300
588,PLAYER_301
589,PLAYER_302
590,PLAYER_303
591,PLAYER_304
592,PLAYER_305
593,PLAYER_306
594,PLAYER_307
595,PLAYER_308
596,PLAYER_309
597,PLAYER_310
598,PLAYER_311
599,PLAYER_312
600,PLAYER_313
601,PLAYER_314
602,PLAYER_315
603,PLAYER_316
604,PLAYER_317
605,PLAYER_318
606,PLAYER_319
607,PLAYER_320
608,PLAYER_321
609,PLAYER_322
610,PLAYER_323
611,PLAYER_324
612,PLAYER_325
613,PLAYER_326
614,PLAYER_327
615,PLAYER_328
616,PLAYER_329
617,PLAYER_330
618,PLAYER_331
619,PLAYER_332
620,PLAYER_333
621,PLAYER_334
622,PLAYER_335
623,PLAYER_336
624,PLAYER_337
625,PLAYER_338
626,PLAYER_339
627,PLAYER_340
628,PLAYER_341
629,PLAYER_342
630,PLAYER_343
631,PLAYER_344
632,PLAYER_345
633,PLAYER_346
634,PLAYER_347
635,PLAYER_348
636,PLAYER_349
637,PLAYER_350
638,PLAYER_351
639,PLAYER_352
640,PLAYER_353
641,PLAYER_354
642,PLAYER_355
643,PLAYER_356
644,PLAYER_357
645,PLAYER_358
646,PLAYER_359
647,PLAYER_360
648,PLAYER_361
649,PLAYER_362
650,PLAYER_363
651,PLAYER_364
652,PLAYER_365
653,PLAYER_366
654,PLAYER_367
655,PLAYER_368
656,PLAYER_369
657,PLAYER_370
658,PLAYER_371
659,PLAYER_372
660,PLAYER_373
661,PLAYER_374
662,PLAYER_375
663,PLAYER_376
664,PLAYER_377
665,PLAYER_378
666,PLAYER_379
667,PLAYER_380
668,PLAYER_381
669,PLAYER_382
670,PLAYER_383
671,PLAYER_384
672,PLAYER_385
673,PLAYER_386
674,PLAYER_387
675,PLAYER_388
676,PLAYER_389
677,PLAYER_390
678,PLAYER_391
679,PLAYER_392
680,PLAYER_393
681,PLAYER_394
682,PLAYER_395
683,PLAYER_396
684,PLAYER_397
685,PLAYER_398
686,PLAYER_399
687,PLAYER_400
688,PLAYER_401
689,PLAYER_402
690,PLAYER_403
691,PLAYER_404
692,PLAYER_405
693,PLAYER_406
694,PLAYER_407
695,PLAYER_408
696,PLAYER_409
697,PLAYER_410
698,PLAYER_411
699,PLAYER_412
700,PLAYER_413
701,PLAYER_414
702,PLAYER_415
703,PLAYER_416
704,PLAYER_417
705,PLAYER_418
706,PLAYER_419
707,PLAYER_420
708,PLAYER_421
709,PLAYER_422
710,PLAYER_423
711,PLAYER_424
712,PLAYER_425
713,PLAYER_426
714,PLAYER_427
715,PLAYER_428
716,PLAYER_429
717,PLAYER_430
718,PLAYER_431
719,PLAYER_432
720,PLAYER_433
721,PLAYER_434
722,PLAYER_435
723,PLAYER_436
724,PLAYER_437
725,PLAYER_438
726,PLAYER_439
727,PLAYER_440
728,PLAYER_441
729,PLAYER_442
730,PLAYER_443
731,PLAYER_444
732,PLAYER_445
733,PLAYER_446
734,PLAYER_447
735,PLAYER_448
736,PLAYER_449
737,PLAYER_450
738,PLAYER_451
739,PLAYER_452
740,PLAYER_453
741,PLAYER_454
742,PLAYER_455
743,PLAYER_456
744,PLAYER_457
745,PLAYER_458
746,PLAYER_459
747,PLAYER_460
748,PLAYER_461
749,PLAYER_462
750,PLAYER_463
751,PLAYER_464
752,PLAYER_465
753,PLAYER_466
754,PLAYER_467
755,PLAYER_468
756,PLAYER_469
757,PLAYER_470
758,PLAYER_471
759,PLAYER_472
760,PLAYER_473
761,PLAYER_474
762,PLAYER_475
763,PLAYER_476
764,PLAYER_477
765,PLAYER_478
766,PLAYER_479
767,PLAYER_480
768,PLAYER_481
769,PLAYER_482
770,PLAYER_483
771,PLAYER_484
772,PLAYER_485
773,PLAYER_486
774,PLAYER_487
775,PLAYER_488
776,PLAYER_489
777,PLAYER_490
778,PLAYER_491
779,PLAYER_492
780,PLAYER_493
781,PLAYER_494
782,PLAYER_495
783,PLAYER_496
784,PLAYER_497
785,PLAYER_498
786,PLAYER_499
787,PLAYER_500
788,PLAYER_501
789,PLAYER_502
790,PLAYER_503
791,PLAYER_504
792,PLAYER_505
793,PLAYER_506
794,PLAYER_507
795,PLAYER_508
796,PLAYER_509
797,PLAYER_510
798,PLAYER_511
799,PLAYER_512
800,PLAYER_513
801,PLAYER_514
802,PLAYER_515
803,PLAYER_516
804,PLAYER_517
805,PLAYER_518
806,PLAYER_519
807,PLAYER_520
808,PLAYER_521
809,PLAYER_522
810,PLAYER_523
811,PLAYER_524
812,PLAYER_525
813,PLAYER_526
814,PLAYER_527
815,PLAYER_528
816,PLAYER_529
817,PLAYER_530
818,PLAYER_531
819,PLAYER_532
820,PLAYER_533
821,PLAYER_534
822,PLAYER_535
823,PLAYER_536
824,PLAYER_537
825,PLAYER_538
826,PLAYER_539
827,PLAYER_540
828,PLAYER_541
829,PLAYER_542
830,PLAYER_543
831,PLAYER_544
832,PLAYER_545
833,PLAYER_546
834,PLAYER_547
835,PLAYER_548
836,PLAYER_549
837,PLAYER_550
838,PLAYER_551
839,PLAYER_552
840,PLAYER_553
841,PLAYER_554
842,PLAYER_555
843,PLAYER_556
844,PLAYER_557
845,PLAYER_558
846,PLAYER_559
847,PLAYER_560
848,PLAYER_561
849,PLAYER_562
850,PLAYER_563
851,PLAYER_564
852,PLAYER_565
853,PLAYER_566
854,PLAYER_567
855,PLAYER_568
856,PLAYER_569
857,PLAYER_570
858,PLAYER_571
859,PLAYER_572
860,PLAYER_573
861,PLAYER_574
862,PLAYER_575
863,PLAYER_576
864,PLAYER_577
865,PLAYER_578
866,PLAYER_579
867,PLAYER_580
868,PLAYER_581
869,PLAYER_582
870,PLAYER_583
871,PLAYER_584
872,PLAYER_585
873,PLAYER_586
874,PLAYER_587
875,PLAYER_588
876,PLAYER_589
877,PLAYER_590
878,PLAYER_591
879,PLAYER_592
880,PLAYER_593
881,PLAYER_594
882,PLAYER_595
883,PLAYER_596
884,PLAYER_597
885,PLAYER_598
886,PLAYER_599
887,PLAYER_600
888,PLAYER_601
889,PLAYER_602
890,PLAYER_603
891,PLAYER_604
892,PLAYER_605
893,PLAYER_606
894,PLAYER_607
895,PLAYER_608
896,PLAYER_609
897,PLAYER_610
898,PLAYER_611
899,PLAYER_612
900,PLAYER_613
901,PLAYER_614
902,PLAYER_615
903,PLAYER_616
904,PLAYER_617
905,PLAYER_618
906,PLAYER_619
907,PLAYER_620
908,PLAYER_621
909,PLAYER_622
910,PLAYER_623
911,PLAYER_624
912,PLAYER_625
913,PLAYER_626
914,PLAYER_627
915,PLAYER_628
916,PLAYER_629
917,PLAYER_630
918,PLAYER_631
919,PLAYER_632
920,PLAYER_633
921,PLAYER_634
922,PLAYER_635
923,PLAYER_636
924,PLAYER_637
925,PLAYER_638
926,PLAYER_639
927,PLAYER_640
928,PLAYER_641
929,PLAYER_642
930,PLAYER_643
931,PLAYER_644
932,PLAYER_645
933,PLAYER_646
934,PLAYER_647
935,PLAYER_648
936,PLAYER_649
937,PLAYER_650
938,PLAYER_651
939,PLAYER_652
940,PLAYER_653
941,PLAYER_654
942,PLAYER_655
943,PLAYER_656
944,PLAYER_657
945,PLAYER_658
946,PLAYER_659
947,PLAYER_660
948,PLAYER_661
949,PLAYER_662
950,PLAYER_663
951,PLAYER_664
952,PLAYER_665
953,PLAYER_666
954,PLAYER_667
955,PLAYER_668
956,PLAYER_669
957,PLAYER_670
958,PLAYER_671
959,PLAYER_672
960,PLAYER_673
961,PLAYER_674
962,PLAYER_675
963,PLAYER_676
964,PLAYER_677
965,PLAYER_678
966,PLAYER_679
967,PLAYER_680
968,PLAYER_681
969,PLAYER_682
970,PLAYER_683
971,PLAYER_684
972,PLAYER_685
973,PLAYER_686
974,PLAYER_687
975,PLAYER_688
976,PLAYER_689
977,PLAYER_690
978,PLAYER_691
979,PLAYER_692
980,PLAYER_693
981,PLAYER_694
982,PLAYER_695
983,PLAYER_696
984,PLAYER_697
985,PLAYER_698
986,PLAYER_699
987,PLAYER_700
988,PLAYER_701
989,PLAYER_702
990,PLAYER_703
991,PLAYER_704
992,PLAYER_705
993,PLAYER_706
994,PLAYER_707
995,PLAYER_708
996,PLAYER_709
997,PLAYER_710
998,PLAYER_711
999,PLAYER_712
1000,PLAYER_713
1001,PLAYER_714
1002,PLAYER_715
1003,PLAYER_716
1004,PLAYER_717
1005,PLAYER_718
1006,PLAYER_719
1007,PLAYER_720
1008,PLAYER_721
1009,PLAYER_722
1010,PLAYER_723
1011,PLAYER_724
1012,PLAYER_725
1013,PLAYER_726
1014,PLAYER_727
1015,PLAYER_728
1016,PLAYER_729
1017,PLAYER_730
1018,PLAYER_731
1019,PLAYER_732
1020,PLAYER_733
1021,PLAYER_734
1022,PLAYER_735
1023,PLAYER_736
1024,PLAYER_737
1025,PLAYER_738
1026,PLAYER_739
1027,PLAYER_740
1028,PLAYER_741
1029,PLAYER_742
1030,PLAYER_743
1031,PLAYER_744
1032,PLAYER_745
1033,PLAYER_746
1034,PLAYER_747
1035,PLAYER_748
1036,PLAYER_749
1037,PLAYER_750
1038,PLAYER_751
1039,PLAYER_752
1040,PLAYER_753
1041,PLAYER_754
1042,PLAYER_755
1043,PLAYER_756
1044,PLAYER_757
1045,PLAYER_758
1046,PLAYER_759
1047,PLAYER_760
1048,PLAYER_761
1049,PLAYER_762
1050,PLAYER_763
1051,PLAYER_764
1052,PLAYER_765
1053,PLAYER_766
1054,PLAYER_767
1055,PLAYER_768
1056,PLAYER_769
1057,PLAYER_770
1058,PLAYER_771
1059,PLAYER_772
1060,PLAYER_773
1061,PLAYER_774
1062,PLAYER_775
1063,PLAYER_776
1064,PLAYER_777
1065,PLAYER_778
1066,PLAYER_779
1067,PLAYER_780
1068,PLAYER_781
1069,PLAYER_782
1070,PLAYER_783
1071,PLAYER_784
1072,PLAYER_785
1073,PLAYER_786
1074,PLAYER_787
1075,PLAYER_788
1076,PLAYER_789
1077,PLAYER_790
1078,PLAYER_791
1079,PLAYER_792
1080,PLAYER_793
1081,PLAYER_794
1082,PLAYER_795
1083,PLAYER_796
1084,PLAYER_797
1085,PLAYER_798
1086,PLAYER_799
1087,PLAYER_800
1088,PLAYER_801
1089,PLAYER_802
1090,PLAYER_803
1091,PLAYER_804
1092,PLAYER_805
1093,PLAYER_806
1094,PLAYER_807
1095,PLAYER_808
1096,PLAYER_809
1097,PLAYER_810
1098,PLAYER_811
1099,PLAYER_812
1100,PLAYER_813
1101,PLAYER_814
1102,PLAYER_815
1103,PLAYER_816
1104,PLAYER_817
1105,PLAYER_818
1106,PLAYER_819
1107,PLAYER_820
1108,PLAYER_821
1109,PLAYER_822
1110,PLAYER_823
1111,PLAYER_824
1112,PLAYER_825
1113,PLAYER_826
1114,PLAYER_827
1115,PLAYER_828
1116,PLAYER_829
1117,PLAYER_830
1118,PLAYER_831
1119,PLAYER_832
1120,PLAYER_833
1121,PLAYER_834
1122,PLAYER_835
1123,PLAYER_836
1124,PLAYER_837
1125,PLAYER_838
1126,PLAYER_839
1127,PLAYER_840
1128,PLAYER_841
1129,PLAYER_842
1130,PLAYER_843
1131,PLAYER_844
1132,PLAYER_845
1133,PLAYER_846
1134,PLAYER_847
1135,PLAYER_848
1136,PLAYER_849
1137,PLAYER_850
1138,PLAYER_851
1139,PLAYER_852
1140,PLAYER_853
1141,PLAYER_854
1142,PLAYER_855
1143,PLAYER_856
1144,PLAYER_857
1145,PLAYER_858
1146,PLAYER_859
1147,PLAYER_860
1148,PLAYER_861
1149,PLAYER_862
1150,PLAYER_863
1151,PLAYER_864
1152,PLAYER_865
1153,PLAYER_866
1154,PLAYER_867
1155,PLAYER_868
1156,PLAYER_869
1157,PLAYER_870
1158,PLAYER_871
1159,PLAYER_872
1160,PLAYER_873
1161,PLAYER_874
1162,PLAYER_875
1163,PLAYER_876
1164,PLAYER_877
1165,PLAYER_878
1166,PLAYER_879
1167,PLAYER_880
1168,PLAYER_881
1169,PLAYER_882
1170,PLAYER_883
1171,PLAYER_884
1172,PLAYER_885
1173,PLAYER_886
1174,PLAYER_887
1175,PLAYER_888
1176,PLAYER_889
1177,PLAYER_890
1178,PLAYER_891
1179,PLAYER_892
1180,PLAYER_893
1181,PLAYER_894
1182,PLAYER_895
1183,PLAYER_896
1184,PLAYER_897
1185,PLAYER_898
1186,PLAYER_899
1187,PLAYER_900
1188,PLAYER_901
1189,PLAYER_902
1190,PLAYER_903
1191,PLAYER_904
1192,PLAYER_905
1193,PLAYER_906
1194,PLAYER_907
1195,PLAYER_908
1196,PLAYER_909
1197,PLAYER_910
1198,PLAYER_911
1199,PLAYER_912
1200,PLAYER_913
1201,PLAYER_914
1202,PLAYER_915
1203,PLAYER_916
1204,PLAYER_917
1205,PLAYER_918
1206,PLAYER_919
1207,PLAYER_920
1208,PLAYER_921
1209,PLAYER_922
1210,PLAYER_923
1211,PLAYER_924
1212,PLAYER_925
1213,PLAYER_926
1214,PLAYER_927
1215,PLAYER_928
1216,PLAYER_929
1217,PLAYER_930
1218,PLAYER_931
1219,PLAYER_932
1220,PLAYER_933
1221,PLAYER_934
1222,PLAYER_935
1223,PLAYER_936
1224,PLAYER_937
1225,PLAYER_938
1226,PLAYER_939
1227,PLAYER_940
1228,PLAYER_941
1229,PLAYER_942
1230,PLAYER_943
1231,PLAYER_944
1232,PLAYER_945
1233,PLAYER_946
1234,PLAYER_947
1235,PLAYER_948
1236,PLAYER_949
1237,PLAYER_950
1238,PLAYER_951
1239,PLAYER_952
1240,PLAYER_953
1241,PLAYER_954
1242,PLAYER_955
1243,PLAYER_956
1244,PLAYER_957
1245,PLAYER_958
1246,PLAYER_959
1247,PLAYER_960
1248,PLAYER_961
1249,PLAYER_962
1250,PLAYER_963
1251,PLAYER_964
1252,PLAYER_965
1253,PLAYER_966
1254,PLAYER_967
1255,PLAYER_968
1256,PLAYER_969
1257,PLAYER_970
1258,PLAYER_971
1259,PLAYER_972
1260,PLAYER_973
1261,PLAYER_974
1262,PLAYER_975
1263,PLAYER_976
1264,PLAYER_977
1265,PLAYER_978
1266,PLAYER_979
1267,PLAYER_980
1268,PLAYER_981
1269,PLAYER_982
1270,PLAYER_983
1271,PLAYER_984
1272,PLAYER_985
1273,PLAYER_986
1274,PLAYER_987
1275,PLAYER_988
1276,PLAYER_989
1277,PLAYER_990
1278,PLAYER_991
1279,PLAYER_992
1280,PLAYER_993
1281,PLAYER_994
1282,PLAYER_995
1283,PLAYER_996
1284,PLAYER_997
1285,PLAYER_998
1286,PLAYER_999
